{
	"version": "0.3.11",
	"suite": "unknown_suite",
	"function_id": 18,
	"function_name": "LABS",
	"maximization": true,
	"algorithm": {
		"name": "random search",
		"info": "random search"
	},
	"attributes": [
		"evaluations",
		"raw_y"
	],
	"scenarios": [
		{
			"dimension": 50,
			"path": "data_f18_LABS/IOHprofiler_f18_DIM50.dat",
			"runs": [
				{
					"instance": 1,
					"evals": 5000,
					"best": {
						"evals": 4802,
						"y": 2.515090543259557,
						"x": [
							0,
							0,
							0,
							1,
							1,
							1,
							1,
							1,
							0,
							0,
							0,
							1,
							0,
							0,
							1,
							0,
							1,
							0,
							1,
							1,
							0,
							0,
							0,
							1,
							0,
							0,
							1,
							0,
							0,
							1,
							1,
							0,
							1,
							0,
							1,
							1,
							1,
							1,
							1,
							1,
							1,
							1,
							0,
							1,
							1,
							1,
							1,
							0,
							0,
							1
						]
					}
				},
				{
					"instance": 1,
					"evals": 5000,
					"best": {
						"evals": 1698,
						"y": 2.556237218813906,
						"x": [
							0,
							1,
							0,
							1,
							1,
							0,
							1,
							1,
							1,
							1,
							1,
							1,
							1,
							0,
							0,
							1,
							0,
							0,
							1,
							0,
							1,
							0,
							0,
							0,
							1,
							0,
							1,
							1,
							1,
							0,
							1,
							1,
							0,
							1,
							0,
							0,
							1,
							1,
							1,
							0,
							0,
							0,
							1,
							1,
							1,
							0,
							1,
							0,
							0,
							0
						]
					}
				},
				{
					"instance": 1,
					"evals": 5000,
					"best": {
						"evals": 4151,
						"y": 2.7839643652561246,
						"x": [
							1,
							1,
							0,
							1,
							0,
							1,
							0,
							1,
							0,
							0,
							0,
							0,
							0,
							0,
							1,
							0,
							0,
							1,
							1,
							1,
							0,
							0,
							0,
							1,
							0,
							0,
							1,
							1,
							0,
							0,
							1,
							1,
							1,
							0,
							0,
							0,
							0,
							1,
							1,
							0,
							1,
							0,
							0,
							0,
							0,
							1,
							0,
							1,
							1,
							0
						]
					}
				},
				{
					"instance": 1,
					"evals": 5000,
					"best": {
						"evals": 3071,
						"y": 2.886836027713626,
						"x": [
							0,
							1,
							1,
							1,
							1,
							0,
							1,
							1,
							0,
							1,
							0,
							1,
							0,
							1,
							1,
							1,
							1,
							1,
							1,
							0,
							0,
							0,
							1,
							1,
							0,
							0,
							1,
							0,
							0,
							1,
							1,
							1,
							0,
							1,
							1,
							1,
							0,
							0,
							0,
							1,
							1,
							1,
							0,
							0,
							1,
							0,
							0,
							1,
							0,
							0
						]
					}
				},
				{
					"instance": 1,
					"evals": 5000,
					"best": {
						"evals": 2969,
						"y": 3.315649867374005,
						"x": [
							1,
							1,
							0,
							1,
							0,
							0,
							1,
							0,
							1,
							0,
							0,
							1,
							1,
							1,
							0,
							0,
							1,
							1,
							1,
							1,
							0,
							0,
							1,
							0,
							0,
							1,
							1,
							0,
							1,
							0,
							1,
							0,
							1,
							0,
							1,
							0,
							0,
							1,
							1,
							1,
							1,
							1,
							1,
							0,
							0,
							1,
							1,
							1,
							1,
							1
						]
					}
				},
				{
					"instance": 1,
					"evals": 5000,
					"best": {
						"evals": 39,
						"y": 2.7839643652561246,
						"x": [
							1,
							0,
							0,
							1,
							0,
							1,
							0,
							1,
							0,
							1,
							1,
							1,
							1,
							0,
							1,
							1,
							0,
							0,
							1,
							0,
							1,
							0,
							0,
							1,
							1,
							0,
							0,
							0,
							0,
							0,
							1,
							0,
							0,
							0,
							0,
							0,
							1,
							1,
							0,
							0,
							1,
							0,
							0,
							0,
							1,
							1,
							1,
							1,
							1,
							0
						]
					}
				},
				{
					"instance": 1,
					"evals": 5000,
					"best": {
						"evals": 522,
						"y": 2.556237218813906,
						"x": [
							1,
							0,
							1,
							1,
							0,
							1,
							0,
							1,
							1,
							0,
							1,
							0,
							1,
							1,
							0,
							0,
							1,
							1,
							1,
							1,
							0,
							1,
							1,
							1,
							0,
							1,
							0,
							0,
							0,
							0,
							0,
							1,
							0,
							0,
							1,
							1,
							1,
							1,
							1,
							0,
							0,
							1,
							1,
							1,
							0,
							1,
							1,
							0,
							0,
							1
						]
					}
				},
				{
					"instance": 1,
					"evals": 5000,
					"best": {
						"evals": 1065,
						"y": 2.834467120181406,
						"x": [
							0,
							0,
							1,
							1,
							1,
							0,
							1,
							1,
							0,
							1,
							1,
							1,
							1,
							0,
							1,
							0,
							0,
							0,
							0,
							0,
							1,
							1,
							0,
							1,
							1,
							0,
							1,
							0,
							0,
							0,
							1,
							1,
							0,
							1,
							0,
							1,
							0,
							1,
							1,
							1,
							0,
							0,
							0,
							1,
							1,
							1,
							1,
							0,
							1,
							1
						]
					}
				},
				{
					"instance": 1,
					"evals": 5000,
					"best": {
						"evals": 1575,
						"y": 2.4366471734892787,
						"x": [
							1,
							0,
							1,
							1,
							1,
							1,
							0,
							0,
							1,
							1,
							1,
							0,
							0,
							0,
							1,
							1,
							1,
							0,
							1,
							1,
							0,
							1,
							1,
							1,
							0,
							1,
							0,
							0,
							0,
							0,
							1,
							1,
							1,
							1,
							1,
							0,
							1,
							0,
							0,
							1,
							1,
							0,
							1,
							0,
							1,
							0,
							0,
							0,
							0,
							0
						]
					}
				},
				{
					"instance": 1,
					"evals": 5000,
					"best": {
						"evals": 676,
						"y": 2.6427061310782243,
						"x": [
							1,
							0,
							1,
							1,
							0,
							1,
							1,
							0,
							1,
							0,
							0,
							1,
							1,
							1,
							1,
							0,
							1,
							1,
							1,
							0,
							1,
							1,
							1,
							0,
							1,
							0,
							0,
							1,
							1,
							0,
							0,
							0,
							0,
							0,
							1,
							1,
							0,
							1,
							1,
							1,
							0,
							1,
							0,
							1,
							0,
							0,
							1,
							1,
							1,
							0
						]
					}
				},
				{
					"instance": 1,
					"evals": 5000,
					"best": {
						"evals": 685,
						"y": 2.997601918465228,
						"x": [
							0,
							1,
							1,
							0,
							1,
							1,
							0,
							1,
							1,
							1,
							0,
							1,
							1,
							0,
							0,
							0,
							1,
							1,
							0,
							0,
							1,
							0,
							1,
							0,
							0,
							0,
							0,
							0,
							0,
							1,
							1,
							1,
							0,
							0,
							1,
							0,
							1,
							0,
							0,
							0,
							0,
							0,
							0,
							0,
							0,
							1,
							1,
							1,
							1,
							0
						]
					}
				},
				{
					"instance": 1,
					"evals": 5000,
					"best": {
						"evals": 3646,
						"y": 2.7839643652561246,