{
	"version": "0.3.11",
	"suite": "unknown_suite",
	"function_id": 18,
	"function_name": "LABS",
	"maximization": true,
	"algorithm": {
		"name": "sa_auto",
		"info": "sa_auto"
	},
	"attributes": [
		"evaluations",
		"raw_y"
	],
	"scenarios": [
		{
			"dimension": 50,
			"path": "data_f18_LABS/IOHprofiler_f18_DIM50.dat",
			"runs": [
				{
					"instance": 1,
					"evals": 5000,
					"best": {
						"evals": 3058,
						"y": 3.3875338753387534,
						"x": [
							1,
							1,
							0,
							0,
							1,
							1,
							1,
							0,
							0,
							1,
							1,
							0,
							1,
							1,
							1,
							0,
							1,
							1,
							1,
							0,
							1,
							0,
							0,
							1,
							1,
							0,
							1,
							0,
							0,
							1,
							0,
							1,
							0,
							1,
							0,
							0,
							1,
							0,
							1,
							1,
							0,
							0,
							0,
							0,
							1,
							1,
							1,
							1,
							1,
							1
						]
					}
				},
				{
					"instance": 1,
					"evals": 5000,
					"best": {
						"evals": 4992,
						"y": 2.834467120181406,
						"x": [
							0,
							0,
							0,
							0,
							0,
							1,
							1,
							0,
							0,
							0,
							0,
							1,
							1,
							0,
							0,
							1,
							1,
							1,
							0,
							1,
							1,
							0,
							0,
							0,
							0,
							0,
							1,
							0,
							1,
							0,
							0,
							0,
							1,
							0,
							1,
							0,
							0,
							1,
							0,
							0,
							0,
							0,
							1,
							0,
							1,
							1,
							0,
							1,
							0,
							1
						]
					}
				},
				{
					"instance": 1,
					"evals": 5000,
					"best": {
						"evals": 4768,
						"y": 3.117206982543641,
						"x": [
							0,
							1,
							0,
							1,
							0,
							1,
							1,
							1,
							1,
							0,
							1,
							0,
							1,
							0,
							0,
							1,
							1,
							1,
							1,
							0,
							1,
							1,
							0,
							0,
							1,
							0,
							0,
							1,
							1,
							0,
							0,
							0,
							1,
							0,
							1,
							1,
							1,
							1,
							0,
							0,
							1,
							1,
							1,
							0,
							0,
							0,
							0,
							0,
							0,
							0
						]
					}
				},
				{
					"instance": 1,
					"evals": 5000,
					"best": {
						"evals": 4521,
						"y": 2.997601918465228,
						"x": [
							1,
							0,
							0,
							1,
							1,
							0,
							0,
							0,
							1,
							1,
							0,
							0,
							0,
							0,
							1,
							0,
							1,
							0,
							0,
							0,
							1,
							0,
							0,
							1,
							0,
							1,
							0,
							1,
							1,
							1,
							0,
							0,
							0,
							0,
							0,
							1,
							0,
							1,
							1,
							1,
							0,
							0,
							1,
							0,
							0,
							1,
							0,
							0,
							0,
							0
						]
					}
				},
				{
					"instance": 1,
					"evals": 5000,
					"best": {
						"evals": 2662,
						"y": 2.886836027713626,
						"x": [
							1,
							0,
							0,
							0,
							0,
							1,
							1,
							1,
							0,
							1,
							0,
							0,
							0,
							0,
							0,
							0,
							0,
							0,
							1,
							1,
							1,
							0,
							1,
							0,
							1,
							1,
							1,
							0,
							1,
							0,
							0,
							1,
							0,
							0,
							1,
							0,
							1,
							0,
							1,
							1,
							0,
							0,
							1,
							1,
							0,
							0,
							1,
							1,
							0,
							0
						]
					}
				},
				{
					"instance": 1,
					"evals": 5000,
					"best": {
						"evals": 2895,
						"y": 3.056234718826406,
						"x": [
							0,
							1,
							1,
							1,
							1,
							0,
							1,
							1,
							1,
							1,
							0,
							1,
							1,
							1,
							1,
							0,
							1,
							0,
							0,
							1,
							1,
							0,
							0,
							1,
							1,
							1,
							0,
							1,
							0,
							0,
							1,
							0,
							1,
							1,
							1,
							0,
							1,
							0,
							1,
							1,
							1,
							0,
							1,
							0,
							0,
							0,
							0,
							1,
							0,
							0
						]
					}
				},
				{
					"instance": 1,
					"evals": 5000,
					"best": {
						"evals": 4246,
						"y": 3.9936102236421727,
						"x": [
							1,
							0,
							1,
							0,
							1,
							1,
							1,
							0,
							0,
							1,
							1,
							0,
							0,
							0,
							0,
							0,
							0,
							1,
							0,
							0,
							0,
							1,
							1,
							0,
							1,
							0,
							0,
							0,
							1,
							0,
							0,
							1,
							0,
							0,
							1,
							0,
							1,
							1,
							0,
							0,
							0,
							0,
							1,
							1,
							1,
							1,
							0,
							1,
							0,
							0
						]
					}
				},
				{
					"instance": 1,
					"evals": 5000,
					"best": {
						"evals": 4811,
						"y": 3.117206982543641,
						"x": [
							1,
							1,
							1,
							0,
							1,
							0,
							0,
							1,
							1,
							0,
							0,
							0,
							0,
							0,
							1,
							0,
							0,
							1,
							0,
							1,
							0,
							0,
							0,
							1,
							1,
							0,
							1,
							0,
							0,
							0,
							1,
							1,
							1,
							0,
							1,
							0,
							0,
							0,
							0,
							0,
							1,
							0,
							1,
							1,
							1,
							1,
							0,
							0,
							1,
							0
						]
					}
				},
				{
					"instance": 1,
					"evals": 5000,
					"best": {
						"evals": 4479,
						"y": 2.886836027713626,
						"x": [
							0,
							0,
							0,
							1,
							1,
							0,
							1,
							0,
							0,
							1,
							0,
							1,
							0,
							1,
							1,
							0,
							0,
							0,
							1,
							0,
							1,
							1,
							1,
							0,
							1,
							0,
							0,
							0,
							1,
							0,
							0,
							0,
							1,
							1,
							0,
							0,
							0,
							0,
							0,
							0,
							1,
							1,
							0,
							0,
							1,
							1,
							1,
							1,
							0,
							1
						]
					}
				},
				{
					"instance": 1,
					"evals": 5000,
					"best": {
						"evals": 4948,
						"y": 3.1806615776081424,
						"x": [
							0,
							0,
							1,
							0,
							0,
							1,
							1,
							1,
							0,
							1,
							1,
							0,
							0,
							0,
							0,
							0,
							1,
							0,
							0,
							1,
							0,
							0,
							1,
							0,
							0,
							1,
							0,
							1,
							1,
							1,
							1,
							0,
							0,
							0,
							1,
							1,
							1,
							0,
							0,
							0,
							1,
							0,
							0,
							0,
							1,
							0,
							1,
							0,
							0,
							0
						]
					}
				},
				{
					"instance": 1,
					"evals": 5000,
					"best": {
						"evals": 4586,
						"y": 3.1806615776081424,
						"x": [
							1,
							1,
							1,
							1,
							0,
							1,
							1,
							1,
							0,
							0,
							0,
							1,
							0,
							1,
							1,
							1,
							0,
							1,
							0,
							1,
							1,
							0,
							1,
							0,
							1,
							0,
							0,
							1,
							1,
							1,
							0,
							0,
							1,
							0,
							0,
							1,
							0,
							0,
							1,
							1,
							0,
							0,
							0,
							0,
							1,
							1,
							1,
							1,
							1,
							1
						]
					}
				},
				{
					"instance": 1,
					"evals": 5000,
					"best": {
						"evals": 4231,
						"y": 3.117206982543641,