{
	"version": "0.3.11",
	"suite": "unknown_suite",
	"function_id": 18,
	"function_name": "LABS",
	"maximization": true,
	"algorithm": {
		"name": "gHC",
		"info": "gHC"
	},
	"attributes": [
		"evaluations",
		"raw_y"
	],
	"scenarios": [
		{
			"dimension": 50,
			"path": "data_f18_LABS/IOHprofiler_f18_DIM50.dat",
			"runs": [
				{
					"instance": 1,
					"evals": 5000,
					"best": {
						"evals": 143,
						"y": 4.098360655737705,
						"x": [
							1,
							1,
							1,
							1,
							1,
							0,
							0,
							0,
							0,
							1,
							0,
							0,
							1,
							1,
							0,
							1,
							1,
							0,
							0,
							1,
							1,
							0,
							0,
							0,
							1,
							1,
							0,
							1,
							0,
							1,
							1,
							0,
							1,
							1,
							1,
							1,
							0,
							1,
							1,
							1,
							1,
							0,
							1,
							0,
							1,
							0,
							1,
							0,
							1,
							0
						]
					}
				},
				{
					"instance": 1,
					"evals": 5000,
					"best": {
						"evals": 42,
						"y": 3.4626038781163433,
						"x": [
							0,
							0,
							1,
							1,
							0,
							0,
							0,
							0,
							0,
							0,
							0,
							0,
							0,
							1,
							1,
							0,
							1,
							0,
							0,
							0,
							1,
							1,
							1,
							1,
							0,
							1,
							0,
							1,
							0,
							0,
							1,
							0,
							0,
							1,
							0,
							1,
							1,
							1,
							0,
							1,
							1,
							0,
							0,
							1,
							0,
							1,
							0,
							0,
							1,
							1
						]
					}
				},
				{
					"instance": 1,
					"evals": 5000,
					"best": {
						"evals": 176,
						"y": 3.117206982543641,
						"x": [
							0,
							0,
							0,
							0,
							1,
							0,
							0,
							1,
							1,
							0,
							1,
							1,
							1,
							0,
							1,
							1,
							0,
							0,
							1,
							0,
							1,
							1,
							0,
							0,
							1,
							1,
							1,
							1,
							1,
							1,
							1,
							0,
							0,
							1,
							1,
							1,
							1,
							0,
							1,
							0,
							1,
							0,
							1,
							0,
							0,
							1,
							0,
							1,
							0,
							0
						]
					}
				},
				{
					"instance": 1,
					"evals": 5000,
					"best": {
						"evals": 103,
						"y": 3.315649867374005,
						"x": [
							1,
							0,
							0,
							0,
							1,
							0,
							1,
							0,
							0,
							1,
							1,
							0,
							0,
							1,
							0,
							1,
							1,
							1,
							0,
							1,
							1,
							0,
							0,
							1,
							1,
							1,
							0,
							0,
							0,
							0,
							0,
							1,
							0,
							0,
							0,
							0,
							1,
							1,
							1,
							1,
							0,
							1,
							0,
							0,
							0,
							0,
							1,
							0,
							1,
							1
						]
					}
				},
				{
					"instance": 1,
					"evals": 5000,
					"best": {
						"evals": 238,
						"y": 3.7091988130563798,
						"x": [
							1,
							1,
							0,
							0,
							0,
							1,
							0,
							0,
							0,
							1,
							1,
							1,
							1,
							1,
							0,
							0,
							0,
							1,
							1,
							0,
							0,
							0,
							1,
							0,
							1,
							1,
							0,
							1,
							1,
							0,
							0,
							1,
							1,
							0,
							1,
							0,
							0,
							0,
							0,
							0,
							0,
							0,
							1,
							0,
							0,
							1,
							0,
							1,
							0,
							0
						]
					}
				},
				{
					"instance": 1,
					"evals": 5000,
					"best": {
						"evals": 160,
						"y": 3.315649867374005,
						"x": [
							1,
							1,
							0,
							1,
							1,
							0,
							1,
							1,
							0,
							0,
							1,
							0,
							0,
							1,
							1,
							1,
							1,
							1,
							0,
							1,
							0,
							1,
							0,
							1,
							1,
							0,
							0,
							1,
							0,
							1,
							0,
							1,
							1,
							0,
							1,
							1,
							1,
							0,
							0,
							1,
							1,
							1,
							0,
							1,
							1,
							1,
							1,
							0,
							0,
							0
						]
					}
				},
				{
					"instance": 1,
					"evals": 5000,
					"best": {
						"evals": 72,
						"y": 3.6231884057971016,
						"x": [
							0,
							0,
							0,
							0,
							1,
							0,
							1,
							0,
							1,
							0,
							0,
							0,
							0,
							0,
							0,
							1,
							1,
							1,
							0,
							0,
							1,
							1,
							1,
							0,
							1,
							1,
							0,
							1,
							1,
							1,
							0,
							0,
							1,
							0,
							0,
							1,
							0,
							1,
							1,
							0,
							0,
							1,
							1,
							1,
							1,
							0,
							0,
							1,
							0,
							0
						]
					}
				},
				{
					"instance": 1,
					"evals": 5000,
					"best": {
						"evals": 97,
						"y": 3.8940809968847354,
						"x": [
							0,
							1,
							1,
							1,
							1,
							1,
							1,
							0,
							0,
							1,
							1,
							1,
							0,
							1,
							1,
							0,
							0,
							1,
							1,
							1,
							0,
							0,
							0,
							0,
							1,
							1,
							0,
							1,
							0,
							1,
							0,
							0,
							0,
							0,
							0,
							1,
							1,
							0,
							1,
							1,
							0,
							1,
							1,
							0,
							1,
							0,
							1,
							0,
							1,
							0
						]
					}
				},
				{
					"instance": 1,
					"evals": 5000,
					"best": {
						"evals": 213,
						"y": 3.7993920972644375,
						"x": [
							1,
							0,
							0,
							1,
							1,
							0,
							1,
							0,
							0,
							0,
							1,
							0,
							1,
							0,
							1,
							1,
							1,
							1,
							0,
							0,
							1,
							1,
							0,
							0,
							0,
							1,
							0,
							0,
							0,
							0,
							0,
							0,
							0,
							1,
							1,
							0,
							1,
							0,
							0,
							0,
							0,
							1,
							0,
							1,
							0,
							0,
							1,
							0,
							1,
							1
						]
					}
				},
				{
					"instance": 1,
					"evals": 5000,
					"best": {
						"evals": 178,
						"y": 4.098360655737705,
						"x": [
							0,
							1,
							1,
							0,
							0,
							1,
							1,
							0,
							1,
							0,
							1,
							0,
							0,
							1,
							1,
							0,
							0,
							0,
							1,
							0,
							1,
							0,
							0,
							0,
							1,
							0,
							0,
							1,
							0,
							1,
							0,
							0,
							0,
							0,
							1,
							1,
							0,
							0,
							0,
							0,
							0,
							0,
							0,
							0,
							1,
							1,
							1,
							1,
							1,
							1
						]
					}
				},
				{
					"instance": 1,
					"evals": 5000,
					"best": {
						"evals": 103,
						"y": 3.7091988130563798,
						"x": [
							1,
							0,
							0,
							0,
							0,
							1,
							0,
							0,
							0,
							0,
							0,
							1,
							1,
							1,
							1,
							0,
							1,
							1,
							0,
							1,
							1,
							1,
							0,
							1,
							0,
							1,
							0,
							1,
							1,
							1,
							1,
							0,
							0,
							1,
							0,
							0,
							1,
							1,
							1,
							0,
							1,
							0,
							1,
							1,
							0,
							0,
							0,
							1,
							1,
							0
						]
					}
				},
				{
					"instance": 1,
					"evals": 5000,
					"best": {
						"evals": 55,
						"y": 3.4626038781163433,