{
	"version": "0.3.11",
	"suite": "unknown_suite",
	"function_id": 18,
	"function_name": "LABS",
	"maximization": true,
	"algorithm": {
		"name": "sars_auto",
		"info": "sars_auto"
	},
	"attributes": [
		"evaluations",
		"raw_y"
	],
	"scenarios": [
		{
			"dimension": 50,
			"path": "data_f18_LABS/IOHprofiler_f18_DIM50.dat",
			"runs": [
				{
					"instance": 1,
					"evals": 4994,
					"best": {
						"evals": 1931,
						"y": 2.6881720430107525,
						"x": [
							0,
							0,
							0,
							0,
							0,
							0,
							0,
							0,
							1,
							1,
							0,
							0,
							1,
							0,
							1,
							1,
							1,
							0,
							1,
							1,
							1,
							0,
							0,
							1,
							0,
							0,
							0,
							0,
							1,
							0,
							1,
							0,
							0,
							1,
							0,
							1,
							1,
							1,
							0,
							0,
							0,
							0,
							1,
							0,
							0,
							1,
							1,
							0,
							1,
							0
						]
					}
				},
				{
					"instance": 1,
					"evals": 4994,
					"best": {
						"evals": 2713,
						"y": 2.886836027713626,
						"x": [
							0,
							0,
							1,
							1,
							1,
							1,
							1,
							1,
							0,
							1,
							1,
							1,
							1,
							0,
							0,
							0,
							0,
							0,
							0,
							1,
							1,
							0,
							1,
							1,
							0,
							1,
							0,
							1,
							0,
							0,
							1,
							1,
							0,
							1,
							1,
							0,
							1,
							1,
							0,
							0,
							1,
							1,
							1,
							0,
							0,
							1,
							1,
							1,
							0,
							1
						]
					}
				},
				{
					"instance": 1,
					"evals": 4994,
					"best": {
						"evals": 852,
						"y": 3.2467532467532467,
						"x": [
							1,
							1,
							1,
							0,
							0,
							0,
							0,
							1,
							0,
							1,
							1,
							1,
							1,
							1,
							1,
							0,
							1,
							0,
							1,
							0,
							0,
							1,
							0,
							1,
							1,
							0,
							0,
							1,
							1,
							1,
							0,
							1,
							1,
							0,
							0,
							1,
							1,
							1,
							0,
							0,
							0,
							1,
							0,
							0,
							0,
							0,
							0,
							1,
							0,
							0
						]
					}
				},
				{
					"instance": 1,
					"evals": 4994,
					"best": {
						"evals": 2161,
						"y": 3.117206982543641,
						"x": [
							0,
							1,
							0,
							0,
							1,
							0,
							1,
							1,
							0,
							1,
							0,
							0,
							0,
							1,
							0,
							1,
							0,
							1,
							1,
							0,
							1,
							1,
							0,
							0,
							1,
							1,
							0,
							1,
							1,
							0,
							0,
							0,
							1,
							1,
							1,
							0,
							0,
							1,
							1,
							1,
							1,
							1,
							1,
							1,
							0,
							1,
							0,
							1,
							0,
							1
						]
					}
				},
				{
					"instance": 1,
					"evals": 4994,
					"best": {
						"evals": 3772,
						"y": 3.1806615776081424,
						"x": [
							0,
							1,
							1,
							0,
							1,
							1,
							0,
							1,
							0,
							0,
							0,
							1,
							0,
							0,
							0,
							1,
							1,
							0,
							1,
							0,
							0,
							0,
							1,
							1,
							0,
							0,
							1,
							1,
							0,
							0,
							0,
							0,
							1,
							1,
							1,
							1,
							1,
							1,
							0,
							1,
							1,
							1,
							1,
							0,
							0,
							1,
							0,
							1,
							0,
							1
						]
					}
				},
				{
					"instance": 1,
					"evals": 4994,
					"best": {
						"evals": 2896,
						"y": 3.315649867374005,
						"x": [
							0,
							1,
							1,
							0,
							1,
							1,
							0,
							0,
							1,
							1,
							1,
							0,
							0,
							0,
							0,
							1,
							1,
							0,
							1,
							0,
							1,
							1,
							1,
							1,
							0,
							1,
							0,
							1,
							0,
							1,
							1,
							1,
							1,
							1,
							0,
							1,
							1,
							1,
							0,
							1,
							1,
							0,
							0,
							0,
							0,
							1,
							0,
							0,
							1,
							1
						]
					}
				},
				{
					"instance": 1,
					"evals": 4994,
					"best": {
						"evals": 1769,
						"y": 3.3875338753387534,
						"x": [
							0,
							1,
							0,
							1,
							1,
							0,
							1,
							1,
							1,
							0,
							0,
							1,
							1,
							1,
							0,
							0,
							1,
							1,
							0,
							1,
							0,
							1,
							0,
							1,
							0,
							0,
							0,
							0,
							1,
							1,
							1,
							0,
							0,
							0,
							0,
							0,
							1,
							1,
							0,
							1,
							1,
							0,
							1,
							1,
							0,
							0,
							0,
							0,
							0,
							0
						]
					}
				},
				{
					"instance": 1,
					"evals": 4994,
					"best": {
						"evals": 2914,
						"y": 2.9411764705882355,
						"x": [
							1,
							0,
							0,
							1,
							0,
							0,
							1,
							1,
							1,
							0,
							0,
							0,
							1,
							0,
							0,
							0,
							1,
							1,
							0,
							0,
							1,
							0,
							0,
							0,
							1,
							0,
							1,
							1,
							1,
							0,
							0,
							1,
							0,
							1,
							0,
							0,
							0,
							0,
							0,
							0,
							0,
							0,
							0,
							1,
							0,
							0,
							1,
							0,
							1,
							1
						]
					}
				},
				{
					"instance": 1,
					"evals": 4994,
					"best": {
						"evals": 1691,
						"y": 3.056234718826406,
						"x": [
							1,
							0,
							1,
							0,
							1,
							1,
							0,
							1,
							0,
							0,
							0,
							1,
							1,
							0,
							0,
							1,
							1,
							1,
							0,
							0,
							0,
							1,
							1,
							1,
							1,
							1,
							1,
							1,
							1,
							1,
							1,
							0,
							0,
							1,
							0,
							1,
							1,
							1,
							0,
							1,
							0,
							1,
							1,
							1,
							1,
							1,
							0,
							0,
							0,
							0
						]
					}
				},
				{
					"instance": 1,
					"evals": 4994,
					"best": {
						"evals": 2942,
						"y": 2.834467120181406,
						"x": [
							0,
							0,
							1,
							1,
							0,
							0,
							0,
							1,
							1,
							1,
							0,
							0,
							1,
							0,
							0,
							1,
							1,
							0,
							0,
							0,
							1,
							0,
							1,
							0,
							1,
							0,
							0,
							1,
							1,
							1,
							0,
							1,
							0,
							0,
							1,
							0,
							1,
							1,
							1,
							1,
							1,
							0,
							1,
							0,
							0,
							1,
							0,
							0,
							0,
							0
						]
					}
				},
				{
					"instance": 1,
					"evals": 4994,
					"best": {
						"evals": 871,
						"y": 2.6427061310782243,
						"x": [
							0,
							0,
							1,
							0,
							1,
							1,
							1,
							1,
							0,
							1,
							0,
							1,
							1,
							1,
							0,
							1,
							1,
							0,
							0,
							0,
							0,
							1,
							1,
							1,
							1,
							0,
							1,
							0,
							0,
							0,
							0,
							1,
							0,
							0,
							0,
							1,
							1,
							1,
							1,
							1,
							0,
							0,
							0,
							1,
							1,
							0,
							0,
							1,
							0,
							1
						]
					}
				},
				{
					"instance": 1,
					"evals": 4994,
					"best": {
						"evals": 2585,
						"y": 3.2467532467532467,