{
	"version": "0.3.11",
	"suite": "unknown_suite",
	"function_id": 18,
	"function_name": "LABS",
	"maximization": true,
	"algorithm": {
		"name": "RLS",
		"info": "RLS"
	},
	"attributes": [
		"evaluations",
		"raw_y"
	],
	"scenarios": [
		{
			"dimension": 50,
			"path": "data_f18_LABS/IOHprofiler_f18_DIM50.dat",
			"runs": [
				{
					"instance": 1,
					"evals": 5000,
					"best": {
						"evals": 52,
						"y": 2.886836027713626,
						"x": [
							0,
							0,
							1,
							1,
							0,
							0,
							0,
							0,
							0,
							0,
							1,
							0,
							0,
							0,
							1,
							0,
							0,
							0,
							0,
							1,
							1,
							0,
							1,
							1,
							0,
							1,
							0,
							0,
							1,
							0,
							1,
							1,
							1,
							1,
							0,
							1,
							0,
							1,
							1,
							0,
							0,
							0,
							0,
							0,
							1,
							0,
							1,
							1,
							1,
							0
						]
					}
				},
				{
					"instance": 1,
					"evals": 5000,
					"best": {
						"evals": 667,
						"y": 4.448398576512456,
						"x": [
							1,
							0,
							1,
							1,
							0,
							0,
							1,
							1,
							0,
							0,
							1,
							0,
							1,
							1,
							0,
							0,
							1,
							0,
							0,
							0,
							0,
							1,
							0,
							0,
							1,
							0,
							1,
							0,
							1,
							0,
							0,
							0,
							0,
							1,
							0,
							1,
							1,
							1,
							1,
							1,
							0,
							1,
							0,
							1,
							1,
							1,
							0,
							0,
							0,
							0
						]
					}
				},
				{
					"instance": 1,
					"evals": 5000,
					"best": {
						"evals": 320,
						"y": 3.9936102236421727,
						"x": [
							0,
							1,
							0,
							1,
							1,
							1,
							0,
							1,
							1,
							0,
							1,
							0,
							0,
							0,
							0,
							0,
							1,
							0,
							1,
							0,
							1,
							1,
							1,
							0,
							1,
							1,
							0,
							0,
							0,
							1,
							1,
							0,
							1,
							0,
							0,
							0,
							0,
							0,
							0,
							0,
							1,
							1,
							0,
							0,
							0,
							0,
							0,
							1,
							1,
							0
						]
					}
				},
				{
					"instance": 1,
					"evals": 5000,
					"best": {
						"evals": 59,
						"y": 2.9411764705882355,
						"x": [
							1,
							1,
							0,
							0,
							1,
							0,
							1,
							1,
							1,
							0,
							1,
							0,
							1,
							0,
							1,
							1,
							1,
							1,
							1,
							1,
							0,
							1,
							1,
							0,
							0,
							0,
							1,
							0,
							1,
							1,
							0,
							1,
							0,
							1,
							1,
							1,
							1,
							1,
							0,
							0,
							0,
							1,
							1,
							0,
							0,
							1,
							1,
							0,
							0,
							0
						]
					}
				},
				{
					"instance": 1,
					"evals": 5000,
					"best": {
						"evals": 297,
						"y": 3.315649867374005,
						"x": [
							1,
							1,
							1,
							1,
							1,
							1,
							1,
							0,
							1,
							0,
							1,
							1,
							0,
							1,
							0,
							0,
							0,
							1,
							0,
							1,
							1,
							0,
							0,
							1,
							1,
							0,
							1,
							1,
							0,
							0,
							0,
							1,
							0,
							0,
							1,
							1,
							1,
							0,
							0,
							0,
							1,
							0,
							0,
							0,
							0,
							1,
							1,
							0,
							1,
							0
						]
					}
				},
				{
					"instance": 1,
					"evals": 5000,
					"best": {
						"evals": 293,
						"y": 3.2467532467532467,
						"x": [
							0,
							0,
							1,
							1,
							0,
							0,
							0,
							0,
							0,
							1,
							1,
							1,
							0,
							1,
							0,
							0,
							1,
							0,
							1,
							1,
							1,
							0,
							1,
							1,
							0,
							0,
							0,
							0,
							1,
							0,
							0,
							1,
							1,
							0,
							1,
							0,
							1,
							0,
							0,
							0,
							0,
							0,
							1,
							0,
							0,
							0,
							1,
							1,
							0,
							1
						]
					}
				},
				{
					"instance": 1,
					"evals": 5000,
					"best": {
						"evals": 142,
						"y": 3.7993920972644375,
						"x": [
							0,
							0,
							1,
							0,
							1,
							0,
							0,
							0,
							1,
							0,
							1,
							0,
							1,
							1,
							1,
							0,
							1,
							0,
							0,
							1,
							0,
							1,
							0,
							0,
							0,
							0,
							1,
							0,
							1,
							1,
							0,
							0,
							0,
							0,
							0,
							0,
							0,
							0,
							0,
							1,
							1,
							0,
							0,
							1,
							1,
							0,
							0,
							1,
							1,
							1
						]
					}
				},
				{
					"instance": 1,
					"evals": 5000,
					"best": {
						"evals": 77,
						"y": 2.886836027713626,
						"x": [
							1,
							1,
							1,
							1,
							1,
							0,
							1,
							1,
							0,
							1,
							0,
							0,
							0,
							0,
							1,
							0,
							1,
							0,
							1,
							0,
							1,
							1,
							0,
							0,
							1,
							1,
							1,
							1,
							0,
							0,
							0,
							0,
							0,
							1,
							1,
							0,
							1,
							1,
							0,
							0,
							0,
							1,
							1,
							0,
							0,
							0,
							1,
							1,
							0,
							1
						]
					}
				},
				{
					"instance": 1,
					"evals": 5000,
					"best": {
						"evals": 124,
						"y": 3.9936102236421727,
						"x": [
							0,
							0,
							0,
							0,
							0,
							1,
							1,
							1,
							1,
							1,
							0,
							0,
							1,
							1,
							1,
							1,
							1,
							1,
							1,
							0,
							1,
							0,
							1,
							1,
							0,
							0,
							1,
							0,
							1,
							0,
							1,
							1,
							0,
							0,
							1,
							1,
							0,
							1,
							0,
							0,
							1,
							1,
							1,
							0,
							1,
							0,
							1,
							1,
							0,
							0
						]
					}
				},
				{
					"instance": 1,
					"evals": 5000,
					"best": {
						"evals": 198,
						"y": 4.2087542087542085,
						"x": [
							0,
							0,
							1,
							1,
							1,
							0,
							1,
							1,
							0,
							1,
							0,
							1,
							1,
							0,
							1,
							1,
							0,
							1,
							0,
							0,
							0,
							1,
							1,
							1,
							0,
							0,
							1,
							1,
							1,
							1,
							1,
							1,
							0,
							1,
							0,
							0,
							0,
							1,
							0,
							1,
							1,
							0,
							0,
							1,
							1,
							0,
							0,
							0,
							0,
							0
						]
					}
				},
				{
					"instance": 1,
					"evals": 5000,
					"best": {
						"evals": 121,
						"y": 3.7993920972644375,
						"x": [
							1,
							0,
							1,
							1,
							1,
							0,
							1,
							0,
							0,
							1,
							0,
							1,
							0,
							1,
							1,
							0,
							1,
							0,
							0,
							0,
							0,
							0,
							1,
							1,
							1,
							0,
							0,
							0,
							1,
							0,
							0,
							1,
							1,
							0,
							0,
							0,
							0,
							1,
							0,
							0,
							0,
							0,
							0,
							1,
							1,
							1,
							0,
							1,
							1,
							1
						]
					}
				},
				{
					"instance": 1,
					"evals": 5000,
					"best": {
						"evals": 279,
						"y": 3.5410764872521248,