{
	"version": "0.3.11",
	"suite": "unknown_suite",
	"function_id": 18,
	"function_name": "LABS",
	"maximization": true,
	"algorithm": {
		"name": "(1+10)-2rate-EA>0",
		"info": "(1+10)-2rate-EA>0"
	},
	"attributes": [
		"evaluations",
		"raw_y"
	],
	"scenarios": [
		{
			"dimension": 50,
			"path": "data_f18_LABS/IOHprofiler_f18_DIM50.dat",
			"runs": [
				{
					"instance": 1,
					"evals": 5000,
					"best": {
						"evals": 3840,
						"y": 3.6231884057971016,
						"x": [
							0,
							0,
							1,
							1,
							0,
							0,
							0,
							1,
							1,
							0,
							1,
							0,
							0,
							1,
							1,
							1,
							1,
							0,
							0,
							1,
							1,
							0,
							1,
							1,
							0,
							1,
							0,
							0,
							0,
							1,
							1,
							0,
							1,
							1,
							1,
							1,
							1,
							1,
							1,
							0,
							0,
							0,
							0,
							0,
							1,
							0,
							1,
							0,
							1,
							0
						]
					}
				},
				{
					"instance": 1,
					"evals": 5000,
					"best": {
						"evals": 335,
						"y": 3.315649867374005,
						"x": [
							0,
							1,
							1,
							0,
							1,
							1,
							0,
							0,
							0,
							0,
							0,
							0,
							1,
							0,
							0,
							0,
							1,
							0,
							0,
							1,
							1,
							0,
							1,
							0,
							1,
							0,
							0,
							0,
							1,
							1,
							0,
							0,
							0,
							1,
							0,
							1,
							0,
							0,
							1,
							0,
							1,
							1,
							1,
							1,
							1,
							0,
							0,
							0,
							1,
							1
						]
					}
				},
				{
					"instance": 1,
					"evals": 5000,
					"best": {
						"evals": 1835,
						"y": 3.7091988130563798,
						"x": [
							0,
							0,
							0,
							1,
							0,
							1,
							1,
							0,
							1,
							1,
							1,
							1,
							0,
							0,
							0,
							1,
							0,
							0,
							1,
							1,
							0,
							1,
							0,
							0,
							1,
							1,
							1,
							0,
							0,
							1,
							1,
							0,
							1,
							0,
							1,
							0,
							1,
							0,
							1,
							0,
							0,
							0,
							0,
							1,
							0,
							0,
							0,
							0,
							0,
							0
						]
					}
				},
				{
					"instance": 1,
					"evals": 5000,
					"best": {
						"evals": 3186,
						"y": 3.7091988130563798,
						"x": [
							0,
							1,
							0,
							1,
							1,
							1,
							1,
							0,
							0,
							1,
							0,
							0,
							1,
							0,
							1,
							0,
							0,
							0,
							1,
							0,
							0,
							1,
							0,
							0,
							0,
							0,
							1,
							1,
							0,
							0,
							0,
							1,
							0,
							1,
							0,
							0,
							0,
							1,
							0,
							0,
							1,
							1,
							1,
							1,
							1,
							1,
							0,
							1,
							0,
							0
						]
					}
				},
				{
					"instance": 1,
					"evals": 5000,
					"best": {
						"evals": 3904,
						"y": 3.7993920972644375,
						"x": [
							1,
							1,
							1,
							0,
							0,
							0,
							0,
							0,
							0,
							0,
							0,
							1,
							0,
							0,
							0,
							0,
							1,
							1,
							0,
							1,
							0,
							1,
							0,
							1,
							1,
							0,
							0,
							0,
							1,
							1,
							0,
							1,
							1,
							0,
							0,
							1,
							1,
							1,
							0,
							1,
							0,
							0,
							1,
							0,
							0,
							1,
							1,
							0,
							1,
							0
						]
					}
				},
				{
					"instance": 1,
					"evals": 5000,
					"best": {
						"evals": 1503,
						"y": 4.863813229571984,
						"x": [
							1,
							0,
							1,
							0,
							1,
							0,
							0,
							1,
							0,
							0,
							0,
							0,
							0,
							0,
							0,
							0,
							0,
							1,
							1,
							1,
							1,
							1,
							0,
							0,
							0,
							1,
							0,
							1,
							1,
							1,
							0,
							0,
							1,
							1,
							1,
							0,
							0,
							1,
							1,
							0,
							0,
							1,
							0,
							1,
							1,
							0,
							0,
							1,
							0,
							1
						]
					}
				},
				{
					"instance": 1,
					"evals": 5000,
					"best": {
						"evals": 1762,
						"y": 3.6231884057971016,
						"x": [
							0,
							0,
							0,
							1,
							0,
							0,
							1,
							1,
							0,
							0,
							0,
							1,
							0,
							0,
							1,
							0,
							1,
							1,
							1,
							0,
							0,
							0,
							1,
							0,
							1,
							0,
							0,
							0,
							0,
							0,
							0,
							0,
							1,
							1,
							1,
							0,
							1,
							0,
							1,
							1,
							0,
							1,
							0,
							0,
							0,
							1,
							1,
							1,
							1,
							0
						]
					}
				},
				{
					"instance": 1,
					"evals": 5000,
					"best": {
						"evals": 4839,
						"y": 3.8940809968847354,
						"x": [
							0,
							1,
							1,
							1,
							0,
							1,
							1,
							0,
							1,
							0,
							1,
							1,
							0,
							0,
							1,
							1,
							0,
							0,
							0,
							0,
							1,
							1,
							0,
							1,
							0,
							1,
							1,
							0,
							0,
							0,
							0,
							1,
							0,
							1,
							1,
							0,
							0,
							0,
							0,
							0,
							0,
							1,
							0,
							0,
							0,
							1,
							0,
							1,
							1,
							1
						]
					}
				},
				{
					"instance": 1,
					"evals": 5000,
					"best": {
						"evals": 756,
						"y": 3.2467532467532467,
						"x": [
							0,
							1,
							0,
							0,
							0,
							1,
							0,
							1,
							1,
							0,
							1,
							0,
							1,
							1,
							1,
							0,
							1,
							0,
							0,
							0,
							0,
							0,
							0,
							1,
							1,
							0,
							0,
							0,
							1,
							0,
							1,
							1,
							0,
							1,
							1,
							1,
							1,
							0,
							0,
							0,
							1,
							1,
							0,
							1,
							1,
							1,
							0,
							0,
							1,
							1
						]
					}
				},
				{
					"instance": 1,
					"evals": 5000,
					"best": {
						"evals": 914,
						"y": 3.8940809968847354,
						"x": [
							1,
							0,
							1,
							1,
							1,
							1,
							1,
							0,
							0,
							0,
							0,
							0,
							1,
							0,
							0,
							0,
							0,
							1,
							1,
							0,
							0,
							0,
							0,
							1,
							0,
							1,
							1,
							0,
							1,
							0,
							1,
							0,
							0,
							0,
							1,
							1,
							0,
							0,
							0,
							1,
							0,
							0,
							1,
							1,
							0,
							1,
							0,
							0,
							0,
							1
						]
					}
				},
				{
					"instance": 1,
					"evals": 5000,
					"best": {
						"evals": 1096,
						"y": 3.7091988130563798,
						"x": [
							1,
							0,
							1,
							1,
							1,
							0,
							0,
							1,
							1,
							1,
							1,
							1,
							1,
							1,
							1,
							0,
							1,
							0,
							1,
							0,
							0,
							0,
							0,
							1,
							1,
							1,
							0,
							1,
							0,
							0,
							1,
							0,
							0,
							1,
							0,
							1,
							1,
							1,
							0,
							0,
							1,
							0,
							1,
							1,
							1,
							1,
							0,
							0,
							1,
							0
						]
					}
				},
				{
					"instance": 1,
					"evals": 5000,
					"best": {
						"evals": 585,
						"y": 3.8940809968847354,