{
	"version": "0.3.11",
	"suite": "unknown_suite",
	"function_id": 18,
	"function_name": "LABS",
	"maximization": true,
	"algorithm": {
		"name": "(1+1) fast GA",
		"info": "(1+1) fast GA"
	},
	"attributes": [
		"evaluations",
		"raw_y"
	],
	"scenarios": [
		{
			"dimension": 50,
			"path": "data_f18_LABS/IOHprofiler_f18_DIM50.dat",
			"runs": [
				{
					"instance": 1,
					"evals": 5000,
					"best": {
						"evals": 329,
						"y": 3.9936102236421727,
						"x": [
							1,
							1,
							1,
							0,
							0,
							0,
							0,
							1,
							0,
							1,
							1,
							1,
							1,
							0,
							1,
							0,
							0,
							0,
							1,
							1,
							1,
							0,
							1,
							0,
							1,
							1,
							1,
							1,
							1,
							0,
							0,
							1,
							1,
							1,
							0,
							1,
							1,
							0,
							1,
							1,
							0,
							1,
							1,
							0,
							0,
							0,
							0,
							1,
							0,
							0
						]
					}
				},
				{
					"instance": 1,
					"evals": 5000,
					"best": {
						"evals": 4294,
						"y": 3.8940809968847354,
						"x": [
							0,
							0,
							0,
							1,
							0,
							1,
							1,
							0,
							1,
							0,
							0,
							1,
							0,
							1,
							1,
							1,
							0,
							0,
							0,
							1,
							1,
							0,
							0,
							0,
							0,
							1,
							0,
							1,
							0,
							1,
							0,
							1,
							0,
							0,
							0,
							0,
							0,
							0,
							1,
							0,
							1,
							1,
							1,
							0,
							1,
							1,
							0,
							0,
							1,
							1
						]
					}
				},
				{
					"instance": 1,
					"evals": 5000,
					"best": {
						"evals": 1674,
						"y": 3.7993920972644375,
						"x": [
							1,
							0,
							0,
							0,
							1,
							1,
							0,
							1,
							1,
							1,
							0,
							1,
							0,
							0,
							1,
							1,
							0,
							1,
							0,
							1,
							0,
							1,
							0,
							0,
							1,
							1,
							0,
							1,
							0,
							0,
							1,
							0,
							1,
							1,
							0,
							0,
							0,
							1,
							1,
							1,
							0,
							0,
							0,
							0,
							0,
							0,
							0,
							0,
							0,
							0
						]
					}
				},
				{
					"instance": 1,
					"evals": 5000,
					"best": {
						"evals": 372,
						"y": 3.9936102236421727,
						"x": [
							1,
							0,
							1,
							1,
							0,
							0,
							0,
							1,
							0,
							1,
							1,
							0,
							0,
							0,
							1,
							0,
							1,
							1,
							0,
							0,
							0,
							0,
							1,
							1,
							0,
							1,
							1,
							1,
							0,
							1,
							0,
							0,
							0,
							0,
							0,
							1,
							0,
							1,
							1,
							1,
							1,
							1,
							0,
							1,
							1,
							1,
							1,
							0,
							1,
							1
						]
					}
				},
				{
					"instance": 1,
					"evals": 5000,
					"best": {
						"evals": 1064,
						"y": 3.9936102236421727,
						"x": [
							0,
							0,
							1,
							1,
							0,
							1,
							1,
							1,
							0,
							1,
							1,
							0,
							1,
							0,
							0,
							0,
							0,
							0,
							0,
							1,
							0,
							1,
							0,
							0,
							0,
							1,
							0,
							1,
							0,
							0,
							1,
							0,
							1,
							1,
							0,
							0,
							0,
							0,
							1,
							1,
							1,
							0,
							0,
							0,
							1,
							0,
							0,
							0,
							1,
							1
						]
					}
				},
				{
					"instance": 1,
					"evals": 5000,
					"best": {
						"evals": 511,
						"y": 3.8940809968847354,
						"x": [
							0,
							0,
							1,
							1,
							1,
							0,
							0,
							1,
							0,
							1,
							0,
							1,
							0,
							0,
							0,
							0,
							1,
							0,
							0,
							0,
							1,
							1,
							1,
							1,
							1,
							1,
							1,
							0,
							1,
							0,
							0,
							1,
							1,
							1,
							1,
							0,
							1,
							1,
							0,
							0,
							1,
							1,
							1,
							0,
							1,
							0,
							0,
							1,
							1,
							0
						]
					}
				},
				{
					"instance": 1,
					"evals": 5000,
					"best": {
						"evals": 711,
						"y": 4.2087542087542085,
						"x": [
							0,
							0,
							0,
							0,
							0,
							0,
							0,
							1,
							1,
							1,
							1,
							1,
							0,
							1,
							1,
							0,
							0,
							0,
							1,
							0,
							1,
							0,
							0,
							0,
							0,
							1,
							0,
							1,
							0,
							0,
							1,
							0,
							0,
							0,
							1,
							1,
							0,
							0,
							1,
							0,
							1,
							0,
							1,
							1,
							0,
							0,
							1,
							0,
							1,
							1
						]
					}
				},
				{
					"instance": 1,
					"evals": 5000,
					"best": {
						"evals": 385,
						"y": 4.098360655737705,
						"x": [
							0,
							0,
							0,
							0,
							0,
							1,
							0,
							1,
							1,
							0,
							1,
							1,
							1,
							1,
							0,
							1,
							1,
							0,
							1,
							1,
							1,
							0,
							1,
							1,
							0,
							1,
							1,
							1,
							0,
							0,
							0,
							1,
							1,
							1,
							1,
							1,
							0,
							0,
							0,
							1,
							0,
							1,
							0,
							1,
							1,
							1,
							0,
							0,
							1,
							1
						]
					}
				},
				{
					"instance": 1,
					"evals": 5000,
					"best": {
						"evals": 101,
						"y": 4.448398576512456,
						"x": [
							1,
							1,
							0,
							1,
							1,
							0,
							1,
							0,
							1,
							1,
							1,
							0,
							1,
							0,
							1,
							0,
							0,
							1,
							0,
							1,
							0,
							0,
							0,
							0,
							1,
							0,
							0,
							1,
							1,
							0,
							0,
							1,
							0,
							0,
							1,
							1,
							1,
							1,
							0,
							0,
							0,
							0,
							0,
							1,
							0,
							0,
							0,
							1,
							1,
							1
						]
					}
				},
				{
					"instance": 1,
					"evals": 5000,
					"best": {
						"evals": 1610,
						"y": 3.9936102236421727,
						"x": [
							1,
							1,
							1,
							1,
							0,
							1,
							0,
							0,
							0,
							1,
							0,
							0,
							0,
							0,
							0,
							1,
							0,
							0,
							1,
							0,
							1,
							0,
							0,
							1,
							1,
							0,
							0,
							1,
							0,
							0,
							0,
							1,
							1,
							0,
							1,
							0,
							1,
							1,
							0,
							0,
							0,
							0,
							1,
							1,
							1,
							0,
							0,
							0,
							1,
							0
						]
					}
				},
				{
					"instance": 1,
					"evals": 5000,
					"best": {
						"evals": 3146,
						"y": 3.5410764872521248,
						"x": [
							1,
							0,
							0,
							1,
							0,
							1,
							0,
							1,
							1,
							0,
							1,
							1,
							0,
							1,
							1,
							0,
							0,
							1,
							0,
							1,
							0,
							0,
							0,
							1,
							1,
							0,
							1,
							1,
							1,
							0,
							0,
							0,
							0,
							0,
							0,
							0,
							0,
							0,
							0,
							1,
							1,
							1,
							0,
							0,
							0,
							1,
							1,
							1,
							1,
							1
						]
					}
				},
				{
					"instance": 1,
					"evals": 5000,
					"best": {
						"evals": 4462,
						"y": 3.7091988130563798,