{
	"version": "0.3.11",
	"suite": "unknown_suite",
	"function_id": 18,
	"function_name": "LABS",
	"maximization": true,
	"algorithm": {
		"name": "UMDA",
		"info": "UMDA"
	},
	"attributes": [
		"evaluations",
		"raw_y"
	],
	"scenarios": [
		{
			"dimension": 50,
			"path": "data_f18_LABS/IOHprofiler_f18_DIM50.dat",
			"runs": [
				{
					"instance": 1,
					"evals": 5000,
					"best": {
						"evals": 4146,
						"y": 3.8940809968847354,
						"x": [
							0,
							1,
							0,
							1,
							0,
							0,
							0,
							1,
							0,
							1,
							1,
							0,
							1,
							0,
							1,
							1,
							0,
							1,
							0,
							0,
							0,
							0,
							1,
							1,
							1,
							1,
							1,
							1,
							0,
							1,
							1,
							0,
							0,
							1,
							0,
							0,
							1,
							1,
							0,
							0,
							0,
							0,
							1,
							0,
							0,
							0,
							1,
							1,
							1,
							0
						]
					}
				},
				{
					"instance": 1,
					"evals": 5000,
					"best": {
						"evals": 1931,
						"y": 3.8940809968847354,
						"x": [
							0,
							1,
							0,
							1,
							0,
							1,
							1,
							1,
							1,
							1,
							0,
							1,
							1,
							1,
							1,
							0,
							1,
							0,
							1,
							1,
							0,
							1,
							0,
							0,
							1,
							1,
							0,
							0,
							1,
							0,
							1,
							0,
							0,
							1,
							1,
							1,
							1,
							1,
							1,
							0,
							0,
							0,
							0,
							0,
							1,
							1,
							0,
							0,
							1,
							1
						]
					}
				},
				{
					"instance": 1,
					"evals": 5000,
					"best": {
						"evals": 3390,
						"y": 3.8940809968847354,
						"x": [
							0,
							1,
							0,
							0,
							0,
							0,
							1,
							0,
							1,
							1,
							1,
							0,
							1,
							1,
							1,
							0,
							1,
							0,
							0,
							0,
							0,
							0,
							1,
							0,
							1,
							1,
							0,
							0,
							0,
							0,
							0,
							0,
							1,
							1,
							0,
							0,
							0,
							1,
							1,
							0,
							0,
							0,
							1,
							1,
							1,
							0,
							1,
							1,
							0,
							1
						]
					}
				},
				{
					"instance": 1,
					"evals": 5000,
					"best": {
						"evals": 4860,
						"y": 3.1806615776081424,
						"x": [
							1,
							1,
							1,
							0,
							0,
							1,
							1,
							0,
							0,
							0,
							0,
							0,
							0,
							1,
							0,
							0,
							1,
							0,
							1,
							0,
							0,
							0,
							1,
							0,
							0,
							1,
							0,
							1,
							1,
							0,
							1,
							0,
							1,
							0,
							0,
							0,
							1,
							1,
							1,
							0,
							0,
							0,
							0,
							1,
							0,
							1,
							1,
							1,
							0,
							1
						]
					}
				},
				{
					"instance": 1,
					"evals": 5000,
					"best": {
						"evals": 1777,
						"y": 3.7091988130563798,
						"x": [
							1,
							0,
							0,
							0,
							0,
							0,
							1,
							1,
							1,
							1,
							1,
							0,
							0,
							0,
							1,
							1,
							0,
							0,
							0,
							1,
							1,
							0,
							1,
							0,
							0,
							1,
							1,
							1,
							0,
							1,
							1,
							0,
							1,
							1,
							1,
							0,
							1,
							1,
							1,
							1,
							0,
							1,
							1,
							1,
							0,
							1,
							0,
							1,
							0,
							0
						]
					}
				},
				{
					"instance": 1,
					"evals": 5000,
					"best": {
						"evals": 3241,
						"y": 3.3875338753387534,
						"x": [
							0,
							0,
							1,
							1,
							0,
							1,
							1,
							0,
							0,
							1,
							1,
							1,
							1,
							1,
							1,
							1,
							1,
							0,
							0,
							0,
							1,
							0,
							1,
							1,
							1,
							0,
							1,
							0,
							1,
							1,
							0,
							0,
							1,
							0,
							1,
							0,
							1,
							1,
							0,
							1,
							0,
							1,
							1,
							1,
							1,
							0,
							0,
							0,
							1,
							0
						]
					}
				},
				{
					"instance": 1,
					"evals": 5000,
					"best": {
						"evals": 2732,
						"y": 3.7993920972644375,
						"x": [
							0,
							1,
							0,
							1,
							0,
							0,
							0,
							1,
							0,
							0,
							0,
							1,
							0,
							0,
							1,
							1,
							1,
							1,
							1,
							0,
							1,
							0,
							0,
							1,
							1,
							1,
							1,
							1,
							0,
							1,
							0,
							0,
							1,
							0,
							1,
							1,
							0,
							0,
							0,
							1,
							1,
							1,
							1,
							0,
							0,
							1,
							1,
							1,
							0,
							0
						]
					}
				},
				{
					"instance": 1,
					"evals": 5000,
					"best": {
						"evals": 1926,
						"y": 3.5410764872521248,
						"x": [
							1,
							1,
							0,
							1,
							1,
							0,
							0,
							0,
							1,
							1,
							1,
							0,
							0,
							0,
							0,
							0,
							1,
							0,
							1,
							1,
							0,
							0,
							1,
							0,
							0,
							1,
							1,
							1,
							1,
							1,
							1,
							1,
							0,
							1,
							0,
							1,
							0,
							0,
							0,
							1,
							1,
							1,
							1,
							0,
							1,
							1,
							1,
							1,
							0,
							1
						]
					}
				},
				{
					"instance": 1,
					"evals": 5000,
					"best": {
						"evals": 3787,
						"y": 3.315649867374005,
						"x": [
							0,
							1,
							0,
							1,
							1,
							1,
							0,
							1,
							0,
							0,
							0,
							0,
							0,
							1,
							0,
							0,
							1,
							0,
							0,
							0,
							0,
							1,
							0,
							1,
							0,
							1,
							0,
							0,
							1,
							0,
							0,
							1,
							1,
							0,
							0,
							0,
							1,
							1,
							1,
							1,
							0,
							0,
							1,
							0,
							1,
							1,
							0,
							0,
							0,
							1
						]
					}
				},
				{
					"instance": 1,
					"evals": 5000,
					"best": {
						"evals": 3463,
						"y": 3.6231884057971016,
						"x": [
							1,
							0,
							1,
							0,
							1,
							0,
							0,
							0,
							0,
							1,
							0,
							1,
							0,
							1,
							0,
							0,
							1,
							0,
							0,
							1,
							0,
							0,
							0,
							0,
							1,
							1,
							1,
							1,
							1,
							1,
							0,
							1,
							1,
							0,
							0,
							0,
							0,
							1,
							1,
							1,
							0,
							0,
							1,
							1,
							0,
							1,
							1,
							1,
							1,
							1
						]
					}
				},
				{
					"instance": 1,
					"evals": 5000,
					"best": {
						"evals": 4976,
						"y": 3.6231884057971016,
						"x": [
							0,
							0,
							0,
							1,
							0,
							0,
							0,
							0,
							1,
							1,
							1,
							0,
							1,
							1,
							1,
							1,
							0,
							1,
							1,
							1,
							0,
							1,
							0,
							0,
							1,
							1,
							0,
							1,
							1,
							0,
							1,
							0,
							1,
							0,
							0,
							1,
							1,
							1,
							1,
							0,
							1,
							0,
							0,
							0,
							1,
							1,
							1,
							0,
							1,
							1
						]
					}
				},
				{
					"instance": 1,
					"evals": 5000,
					"best": {
						"evals": 2572,
						"y": 3.4626038781163433,