{
	"version": "0.3.11",
	"suite": "unknown_suite",
	"function_id": 18,
	"function_name": "LABS",
	"maximization": true,
	"algorithm": {
		"name": "(1+1)>_0 EA",
		"info": "(1+1)>_0 EA"
	},
	"attributes": [
		"evaluations",
		"raw_y"
	],
	"scenarios": [
		{
			"dimension": 50,
			"path": "data_f18_LABS/IOHprofiler_f18_DIM50.dat",
			"runs": [
				{
					"instance": 1,
					"evals": 5000,
					"best": {
						"evals": 105,
						"y": 4.098360655737705,
						"x": [
							1,
							0,
							1,
							1,
							0,
							0,
							0,
							1,
							1,
							0,
							1,
							0,
							1,
							0,
							1,
							1,
							0,
							0,
							0,
							1,
							1,
							0,
							0,
							1,
							0,
							0,
							0,
							0,
							1,
							1,
							1,
							1,
							1,
							1,
							1,
							1,
							0,
							1,
							1,
							1,
							0,
							1,
							0,
							0,
							1,
							1,
							0,
							1,
							1,
							0
						]
					}
				},
				{
					"instance": 1,
					"evals": 5000,
					"best": {
						"evals": 1003,
						"y": 3.5410764872521248,
						"x": [
							1,
							1,
							1,
							1,
							1,
							1,
							0,
							0,
							1,
							0,
							1,
							0,
							0,
							1,
							0,
							0,
							0,
							1,
							1,
							1,
							0,
							0,
							0,
							1,
							0,
							0,
							0,
							0,
							0,
							1,
							0,
							1,
							1,
							0,
							1,
							1,
							0,
							0,
							1,
							0,
							0,
							1,
							1,
							1,
							0,
							1,
							0,
							0,
							0,
							1
						]
					}
				},
				{
					"instance": 1,
					"evals": 5000,
					"best": {
						"evals": 2802,
						"y": 4.448398576512456,
						"x": [
							1,
							1,
							0,
							1,
							0,
							1,
							0,
							1,
							0,
							1,
							1,
							0,
							0,
							0,
							0,
							1,
							0,
							0,
							1,
							1,
							1,
							0,
							0,
							1,
							0,
							0,
							1,
							1,
							1,
							1,
							1,
							1,
							1,
							0,
							1,
							1,
							0,
							1,
							0,
							0,
							0,
							1,
							1,
							1,
							1,
							0,
							0,
							1,
							1,
							1
						]
					}
				},
				{
					"instance": 1,
					"evals": 5000,
					"best": {
						"evals": 98,
						"y": 3.5410764872521248,
						"x": [
							1,
							0,
							1,
							1,
							1,
							0,
							0,
							0,
							0,
							1,
							0,
							1,
							0,
							0,
							0,
							1,
							0,
							0,
							1,
							0,
							0,
							1,
							1,
							0,
							1,
							0,
							0,
							0,
							0,
							0,
							0,
							0,
							1,
							0,
							1,
							0,
							0,
							1,
							1,
							1,
							0,
							0,
							1,
							0,
							0,
							0,
							1,
							1,
							1,
							1
						]
					}
				},
				{
					"instance": 1,
					"evals": 5000,
					"best": {
						"evals": 123,
						"y": 3.7993920972644375,
						"x": [
							0,
							1,
							0,
							1,
							0,
							0,
							0,
							1,
							0,
							0,
							0,
							1,
							0,
							0,
							1,
							1,
							0,
							0,
							1,
							0,
							1,
							0,
							0,
							0,
							0,
							1,
							1,
							1,
							1,
							1,
							0,
							0,
							0,
							0,
							1,
							0,
							0,
							0,
							1,
							0,
							0,
							1,
							0,
							1,
							1,
							0,
							1,
							1,
							1,
							1
						]
					}
				},
				{
					"instance": 1,
					"evals": 5000,
					"best": {
						"evals": 2029,
						"y": 4.448398576512456,
						"x": [
							1,
							0,
							1,
							0,
							1,
							0,
							1,
							0,
							1,
							0,
							1,
							1,
							0,
							1,
							0,
							1,
							1,
							0,
							1,
							1,
							1,
							1,
							1,
							1,
							0,
							0,
							0,
							0,
							0,
							0,
							0,
							1,
							1,
							0,
							0,
							1,
							0,
							0,
							1,
							1,
							0,
							0,
							0,
							0,
							1,
							1,
							1,
							0,
							0,
							1
						]
					}
				},
				{
					"instance": 1,
					"evals": 5000,
					"best": {
						"evals": 2322,
						"y": 4.2087542087542085,
						"x": [
							0,
							0,
							1,
							0,
							1,
							1,
							1,
							1,
							0,
							0,
							1,
							0,
							1,
							0,
							0,
							0,
							0,
							0,
							1,
							1,
							0,
							0,
							0,
							0,
							0,
							0,
							0,
							1,
							1,
							0,
							1,
							0,
							1,
							0,
							0,
							0,
							1,
							1,
							0,
							1,
							0,
							0,
							1,
							1,
							0,
							0,
							1,
							1,
							0,
							1
						]
					}
				},
				{
					"instance": 1,
					"evals": 5000,
					"best": {
						"evals": 465,
						"y": 4.448398576512456,
						"x": [
							1,
							1,
							1,
							0,
							0,
							0,
							1,
							0,
							0,
							0,
							1,
							1,
							1,
							0,
							1,
							1,
							1,
							1,
							0,
							1,
							0,
							1,
							0,
							1,
							0,
							0,
							1,
							0,
							1,
							1,
							0,
							1,
							0,
							0,
							1,
							1,
							0,
							1,
							1,
							1,
							0,
							1,
							1,
							0,
							0,
							1,
							1,
							1,
							1,
							1
						]
					}
				},
				{
					"instance": 1,
					"evals": 5000,
					"best": {
						"evals": 183,
						"y": 3.6231884057971016,
						"x": [
							1,
							1,
							1,
							1,
							0,
							1,
							0,
							1,
							0,
							1,
							0,
							0,
							1,
							0,
							0,
							0,
							0,
							1,
							0,
							0,
							0,
							0,
							0,
							1,
							1,
							1,
							1,
							0,
							1,
							0,
							0,
							0,
							1,
							1,
							0,
							0,
							1,
							0,
							0,
							1,
							0,
							1,
							1,
							0,
							0,
							1,
							1,
							0,
							0,
							0
						]
					}
				},
				{
					"instance": 1,
					"evals": 5000,
					"best": {
						"evals": 846,
						"y": 3.8940809968847354,
						"x": [
							1,
							0,
							0,
							1,
							0,
							1,
							1,
							0,
							1,
							0,
							1,
							0,
							1,
							0,
							1,
							1,
							1,
							0,
							1,
							0,
							1,
							1,
							0,
							1,
							1,
							1,
							0,
							0,
							0,
							1,
							1,
							1,
							1,
							1,
							1,
							0,
							1,
							1,
							0,
							0,
							0,
							0,
							0,
							1,
							1,
							0,
							0,
							1,
							1,
							0
						]
					}
				},
				{
					"instance": 1,
					"evals": 5000,
					"best": {
						"evals": 162,
						"y": 3.4626038781163433,
						"x": [
							0,
							1,
							0,
							1,
							0,
							1,
							1,
							0,
							0,
							1,
							0,
							1,
							0,
							0,
							1,
							1,
							0,
							1,
							1,
							0,
							0,
							0,
							0,
							0,
							0,
							0,
							1,
							0,
							1,
							1,
							1,
							1,
							0,
							1,
							0,
							1,
							1,
							1,
							1,
							1,
							1,
							0,
							0,
							0,
							1,
							1,
							1,
							0,
							0,
							1
						]
					}
				},
				{
					"instance": 1,
					"evals": 5000,
					"best": {
						"evals": 1520,
						"y": 3.8940809968847354,