{
	"version": "0.3.11",
	"suite": "unknown_suite",
	"function_id": 18,
	"function_name": "LABS",
	"maximization": true,
	"algorithm": {
		"name": "(1+(10,10))>_0 EA",
		"info": "(1+(10,10))>_0 EA"
	},
	"attributes": [
		"evaluations",
		"raw_y"
	],
	"scenarios": [
		{
			"dimension": 50,
			"path": "data_f18_LABS/IOHprofiler_f18_DIM50.dat",
			"runs": [
				{
					"instance": 1,
					"evals": 5001,
					"best": {
						"evals": 1226,
						"y": 3.3875338753387534,
						"x": [
							0,
							0,
							0,
							1,
							0,
							0,
							0,
							1,
							0,
							1,
							1,
							1,
							0,
							1,
							1,
							1,
							0,
							0,
							1,
							1,
							1,
							0,
							1,
							1,
							0,
							1,
							0,
							0,
							1,
							0,
							1,
							1,
							1,
							1,
							1,
							0,
							0,
							1,
							1,
							1,
							0,
							1,
							0,
							0,
							1,
							1,
							1,
							1,
							1,
							0
						]
					}
				},
				{
					"instance": 1,
					"evals": 5000,
					"best": {
						"evals": 2287,
						"y": 4.448398576512456,
						"x": [
							0,
							1,
							1,
							0,
							0,
							1,
							0,
							0,
							0,
							1,
							1,
							0,
							1,
							0,
							1,
							0,
							1,
							1,
							0,
							1,
							0,
							1,
							1,
							1,
							1,
							1,
							0,
							1,
							0,
							1,
							1,
							1,
							1,
							1,
							0,
							1,
							1,
							0,
							0,
							0,
							0,
							1,
							1,
							0,
							0,
							1,
							1,
							1,
							1,
							1
						]
					}
				},
				{
					"instance": 1,
					"evals": 5001,
					"best": {
						"evals": 247,
						"y": 3.5410764872521248,
						"x": [
							0,
							0,
							0,
							0,
							0,
							1,
							0,
							0,
							0,
							0,
							1,
							1,
							1,
							0,
							0,
							1,
							0,
							1,
							1,
							0,
							1,
							0,
							0,
							1,
							0,
							1,
							1,
							1,
							1,
							1,
							0,
							0,
							1,
							0,
							1,
							0,
							1,
							0,
							1,
							0,
							0,
							0,
							1,
							1,
							0,
							0,
							1,
							1,
							0,
							0
						]
					}
				},
				{
					"instance": 1,
					"evals": 5000,
					"best": {
						"evals": 4865,
						"y": 3.3875338753387534,
						"x": [
							1,
							0,
							1,
							1,
							1,
							1,
							0,
							1,
							1,
							0,
							0,
							1,
							1,
							1,
							0,
							1,
							0,
							0,
							0,
							0,
							1,
							1,
							1,
							0,
							1,
							1,
							0,
							1,
							1,
							1,
							0,
							1,
							0,
							0,
							0,
							1,
							0,
							0,
							0,
							0,
							1,
							1,
							0,
							1,
							0,
							0,
							1,
							0,
							0,
							0
						]
					}
				},
				{
					"instance": 1,
					"evals": 5000,
					"best": {
						"evals": 3920,
						"y": 3.4626038781163433,
						"x": [
							0,
							0,
							0,
							0,
							1,
							0,
							1,
							0,
							0,
							1,
							1,
							1,
							1,
							0,
							0,
							1,
							0,
							1,
							0,
							1,
							0,
							1,
							1,
							0,
							1,
							1,
							0,
							1,
							1,
							1,
							0,
							1,
							0,
							0,
							0,
							1,
							1,
							0,
							1,
							1,
							0,
							0,
							0,
							1,
							1,
							1,
							1,
							1,
							1,
							1
						]
					}
				},
				{
					"instance": 1,
					"evals": 5000,
					"best": {
						"evals": 3381,
						"y": 3.4626038781163433,
						"x": [
							1,
							1,
							1,
							0,
							1,
							0,
							1,
							0,
							0,
							1,
							1,
							1,
							1,
							1,
							1,
							1,
							0,
							1,
							1,
							1,
							1,
							0,
							0,
							0,
							0,
							1,
							0,
							1,
							0,
							1,
							0,
							0,
							1,
							1,
							0,
							0,
							0,
							0,
							1,
							1,
							0,
							1,
							1,
							0,
							1,
							1,
							0,
							0,
							0,
							1
						]
					}
				},
				{
					"instance": 1,
					"evals": 5001,
					"best": {
						"evals": 791,
						"y": 3.9936102236421727,
						"x": [
							0,
							0,
							0,
							0,
							1,
							1,
							1,
							0,
							0,
							0,
							0,
							0,
							0,
							0,
							0,
							1,
							1,
							0,
							0,
							1,
							1,
							1,
							1,
							0,
							1,
							0,
							1,
							0,
							1,
							0,
							0,
							1,
							0,
							1,
							1,
							0,
							0,
							0,
							1,
							1,
							0,
							1,
							1,
							0,
							0,
							1,
							0,
							1,
							0,
							0
						]
					}
				},
				{
					"instance": 1,
					"evals": 5000,
					"best": {
						"evals": 254,
						"y": 3.7091988130563798,
						"x": [
							0,
							1,
							0,
							0,
							0,
							0,
							1,
							1,
							0,
							0,
							0,
							1,
							0,
							1,
							1,
							1,
							0,
							0,
							1,
							1,
							1,
							0,
							0,
							1,
							0,
							0,
							0,
							0,
							0,
							1,
							0,
							1,
							0,
							1,
							1,
							0,
							0,
							0,
							0,
							0,
							1,
							0,
							1,
							1,
							1,
							0,
							1,
							0,
							0,
							1
						]
					}
				},
				{
					"instance": 1,
					"evals": 5000,
					"best": {
						"evals": 2687,
						"y": 4.098360655737705,
						"x": [
							0,
							1,
							1,
							1,
							1,
							0,
							0,
							1,
							0,
							1,
							1,
							0,
							0,
							0,
							0,
							0,
							0,
							0,
							0,
							1,
							0,
							1,
							0,
							0,
							1,
							1,
							0,
							0,
							0,
							0,
							0,
							1,
							1,
							0,
							1,
							1,
							1,
							0,
							1,
							0,
							1,
							0,
							0,
							1,
							1,
							1,
							0,
							0,
							1,
							0
						]
					}
				},
				{
					"instance": 1,
					"evals": 5000,
					"best": {
						"evals": 1589,
						"y": 4.2087542087542085,
						"x": [
							0,
							1,
							1,
							1,
							0,
							0,
							1,
							0,
							0,
							1,
							0,
							1,
							1,
							1,
							0,
							0,
							1,
							0,
							1,
							0,
							0,
							1,
							1,
							0,
							0,
							1,
							0,
							1,
							0,
							1,
							0,
							0,
							0,
							1,
							0,
							1,
							0,
							0,
							1,
							1,
							1,
							1,
							1,
							1,
							1,
							1,
							1,
							1,
							0,
							0
						]
					}
				},
				{
					"instance": 1,
					"evals": 5001,
					"best": {
						"evals": 2800,
						"y": 3.6231884057971016,
						"x": [
							1,
							0,
							0,
							0,
							0,
							0,
							0,
							0,
							1,
							0,
							0,
							1,
							1,
							0,
							1,
							1,
							1,
							0,
							0,
							1,
							0,
							1,
							1,
							0,
							1,
							0,
							1,
							0,
							0,
							0,
							1,
							1,
							1,
							1,
							0,
							1,
							1,
							0,
							0,
							1,
							0,
							1,
							1,
							1,
							1,
							1,
							0,
							0,
							1,
							1
						]
					}
				},
				{
					"instance": 1,
					"evals": 5000,
					"best": {
						"evals": 4022,
						"y": 4.325259515570934,